m-aupr,M-aupr,F1,acc,Fmax
0.3238052661420295,0.17733024323994112,0.2718707940780619,0.34615384615384615,0.459214501510574
