m-aupr,M-aupr,F1,acc,Fmax
0.135457001848459,0.12094832794795468,0.20601451780159005,0.07788595271210014,0.2073265783320343
