m-aupr,M-aupr,F1,acc,Fmax
0.24928764217747024,0.15008568778053402,0.23868312757201646,0.14285714285714285,0.27252747252747256
