m-aupr,M-aupr,F1,acc,Fmax
0.2900914018825116,0.17501185637550157,0.2718707940780619,0.29120879120879123,0.4216867469879518
