m-aupr,M-aupr,F1,acc,Fmax
0.12653534480253678,0.1252907687600462,0.2122364327687522,0.06258692628650904,0.21513353115727005
