m-aupr,M-aupr,F1,acc,Fmax
0.21340343845468643,0.15275074656205645,0.23868312757201646,0.10084033613445378,0.2872628726287263
